Kategori Baru,Kategori Lama,ID Lama
,Booth Tinting,1
,Shopsign,2
,Void,3
,Meja Kotak,4
,Kursi Sandar,5
,Meja Bulat,6
,Kursi Bulat,7
,Pillar,8
,Pengecatan Tembok Eksterior,9
,Pengecatan Pintu Toko,14
,Rak Produk,15
,Spanduk,16
,Pengecatan Tembok Interior,17
,Pajak Reklame,10004
,Devider Meja Kasir,10005
,Kaos / Kemeja Toko,10006
,End Gondola / Endcap,10007
,Event Desk,10008
,Backdrop Portable,10009
,Roll Banner,10010
,Leveling,10011
,Booth Pameran,10012
,Branding TV,10013
,Human Board,10014
,Sticker Kaca,10015
,Tenda Event,10016
,Speaker Portable,10017
,Sewa Space Branding,10018
,Brosur / Flyer Promo,10019
,Poster Event / Promo,10021
,Voucher Undian,10022
,Branding Eskalator,10023
,Sticker Mobil Kiriman,10024
,Booth Event,10025
,Loading Booth Event,10026
,Lain-lain,10027
